{"loss": 0.00020412643789313734, "_timestamp": 1653576925, "_runtime": 1976, "_step": 4999, "validation_loss": 0.00029285167693160474, "_wandb": {"runtime": 1973}}