{"loss": 0.00037403978058137, "_timestamp": 1652832483, "_runtime": 2273, "_step": 6199, "validation_loss": 6.571714766323566e-05, "_wandb": {"runtime": 2270}}