{"loss": 0.0289682075381279, "_timestamp": 1653564020, "_runtime": 4328, "_step": 9999, "validation_loss": 0.029191723093390465, "_wandb": {"runtime": 4326}}