{"loss": 0.000324153428664431, "_timestamp": 1652722309, "_runtime": 2521, "_step": 6199, "validation_loss": 0.00015870147035457194, "_wandb": {"runtime": 2519}}