{"loss": 0.03869899362325668, "_timestamp": 1653573310, "_runtime": 3971, "_step": 9999, "validation_loss": 0.04949597269296646, "_wandb": {"runtime": 3969}}