{"loss": 3.191233554389328e-05, "_timestamp": 1653587570, "_runtime": 1056, "_step": 2515, "validation_loss": 4.498886119108647e-05, "_wandb": {"runtime": 1053}}