{"loss": 0.001167717040516436, "_timestamp": 1653586493, "_runtime": 307, "_step": 650, "validation_loss": 0.00037996427272446454, "_wandb": {"runtime": 304}}