{"loss": 0.00031967234099283814, "avg_loss": NaN, "_timestamp": 1654521032, "_runtime": 5077, "_step": 2150, "validation_loss": 0.0005059669492766261, "avg_validation_loss": NaN, "_wandb": {"runtime": 5074}}