{"loss": 1.6794980183476582e-05, "_timestamp": 1653826078, "_runtime": 2207, "_step": 4999, "validation_loss": 3.2923453545663506e-05, "_wandb": {"runtime": 2205}}