{"loss": 7.149248995119706e-05, "_timestamp": 1654360753, "_runtime": 10570, "_step": 6929, "validation_loss": 0.0003179615887347609, "_wandb": {"runtime": 10568}}