{"loss": 0.0002112571382895112, "_timestamp": 1652829623, "_runtime": 1432, "_step": 3332, "validation_loss": 9.530589886708185e-05, "_wandb": {"runtime": 1430}}