{"loss": 0.0003290236636530608, "_timestamp": 1654167135, "_runtime": 1067, "_step": 4549, "validation_loss": 0.00033166882349178195, "_wandb": {"runtime": 1064}}